Firmanavn,Adresse,Postnr.,Telefon,Primær branche,E-mail,Tilladelse til nyhedsmail,Antal tilladelser,DTL Regioner,Antal biler,Antal chauffører,Kunde,Konkurrent,Dørcanvas,Telefoncanvas EGO,Telefoncanvas (outsourcet,M1 Kontakt etableret,M2 Møde booket,M3 Møde gennemført,M4 Aftale indgået,M5 Deltager booket,Milepælsstatus,Næste kontakt,Kommentarer og noter
Peter Kaj Tvenstrup Johannsen,Torvegade 49,1400 København K,32542112,Vejgodstransport,,,6
JTV Trans ApS,"c/o Bondesen, Sankelmarksgade 13",1676 København V,21821378,Vejgodstransport,,,2
Chaufførens Vikarservice ApS,Platanvej 22B 7tv,1810 Frederiksberg C,,Uoplyst,,,5
Bille's Distribution v/ Leif Bille Olsen,Kastanievej 17,1876 Frederiksberg C,33318763,Flytteforretninger,,,3
Kurer Transporten ApS,Forhåbnungsholms Allé 11A,1904 Frederiksberg C,,Vejgodstransport,,,3
Vognmandsfirmaet Hans B. Jakobsen A/S,Dronning Olgas Vej 18,2000 Frederiksberg,38871333,Vejgodstransport,,,27
Nicolai Christian Sømoe Vognmand,Andebakkesti 4,2000 Frederiksberg,,Vejgodstransport,,,1
Vognmand Peer Gravesen ApS,"Peter Bangs Vej 101, 1.tv.",2000 Frederiksberg,38746834,Vejgodstransport,,,1
Anders Nielsen & Co A/S,Orient Plads 1,2100 København Ø,39159000,Vejgodstransport,cph@ancotrans.dk,,88
Herly Sørensen,Sandkaj 36,2100 København Ø,35434600,Vejgodstransport,,,5
Storms Distributions Service ApS,Vardegade 3,2100 København Ø,,Vejgodstransport,,,5
Vognmand Tonny Sindahl-Jørgensen,"Blegdamsvej 130, 5.th.",2100 København Ø,50343434,Vejgodstransport,,,4
Bil Transport Kompagniet A/S,Kristianiagade 16,2100 København Ø,35274700,Autoreparationsværksteder mv,,,42
JUNKBUSTERS ApS,Baltikavej 25,2100 København Ø,70702420,Indsamling af ikke-farligt affald,info@junkbusters.dk,,2
Prana Bilfragt ApS,Sundkrogsgade 25,2100 København Ø,39294988,Speditører,,,4
Mammen & Drescher A/S,Sundkaj 7,2100 København Ø,39274669,Speditører,heini@mammendrescher.com,,3
Stabrand Spedition ApS,Billedvej 8,2100 København Ø,39209030,Speditører,,,3
Junge Spedition ApS,Orient Plads 1,2100 København Ø,39273433,Speditører,,,1
AB Catering København A/S,Vingelodden 10,2200 København N,35860400,Engroshandel med kød og kødprodukter,,,12
Flyttemand Olsen v/Johnny T. L. Olsen,"Jesper Brochmands Gade 9, st.",2200 København N,,Flytteforretninger,,,1
Flytte- og Vognmandsforretningen John Hansen A/S,Jorisvej 15-17,2300 København S,32972817,Vejgodstransport,jhas@image.dk,,18
Vognmand Michael Mühring ApS,"C.F. Møllers Allé 16, 10. th.",2300 København S,32949349,Vejgodstransport,,,18
Kalle's Transport v/Max Weismann,Engvej 108,2300 København S,,Vejgodstransport,,,17
Neumann ApS,Amagerbrogade 16 A,2300 København S,,Vejgodstransport,,,6
MV Transport ApS,"Telemarksgade 33, 3. th",2300 København S,,Vejgodstransport,,,2
SA Logistik ApS,Rued Langgaards Vej 17 1.th.,2300 København S,41116956,Vejgodstransport,sajjadahmed1@me.com,,2
Vognmand Karsten Mads Praëm,"Engvej 13 H, 1. tv.",2300 København S,,Vejgodstransport,,,2
Vognmand Michael Tønning,Portugalsgade 19,2300 København S,32843037,Vejgodstransport,,,2
"Amager Møbeltransport, v/Steen Michael Petersen",Windsorvej 1,2300 København S,32590627,Vejgodstransport,,,1
Vognmand Hardy Rasmussen,Vejlands Allé 49,2300 København S,,Vejgodstransport,,,1
Vognmandsfirma v/Koku Ayim,"Reberbanegade 17, 1.tv.",2300 København S,30338538,Vejgodstransport,,,1
Carl Petersen & Søn's Eftf. v/ Kaj Holdgaard Jensen,Krimsvej 7,2300 København S,32591446,Anlæg af ledningsnet,,,1
Højlunds Flyttefirma ApS,Strandlodsvej 9 C,2300 København S,,Flytteforretninger,,,2
Renholdningsselskabet af 1898,Kraftværksvej 25,2300 København S,32661898,Indsamling af ikke-farligt affald,,,238
Renoflex-Gruppen A/S,Kløvermarksvej 70,2300 København S,72211800,Indsamling af ikke-farligt affald,renoflex@renoflex.dk,,125
E. & L. Petersen Containerudlejning ApS,Strandlodsvej 11 - 11A,2300 København S,32952303,Indsamling af ikke-farligt affald,,,4
E.B.S. Petersen Materieludlejning ApS,Strandlodvej 11,2300 København S,32952186,"Udlejning og leasing af andet materiel, udstyr og andre materielle aktiver i.a.n.",,,2
Express Transport And Trading ApS,"Frederikssundsvej 50, 4.-1",2400 København NV,31333100,Vejgodstransport,,,1
Jørgen Bych,Emdrupvej 108,2400 København NV,39561755,Vejgodstransport,,,1
Vognmand Finn Carlo Colmorten,Frimestervej 36,2400 København NV,35818608,Vejgodstransport,,,1
Dansk Autohjælp København A/S,Lærkebakken 4,2400 København NV,,Parkering og vejhjælp mv.,,,13
Kjeld Jensen Transport A/S,Vasbygade 32,2450 København SV,33244800,Vejgodstransport,,,75
Ebbe Petersen Transport ApS,"Kenny Drews Vej 13, 2.th",2450 København SV,,Vejgodstransport,,,3
C.L.Trans/C.L.Service v/Claus Laursen,"Bådehavnsgade 39 D, vej 7",2450 København SV,,Vejgodstransport,,,1
David's ACE ApS,Ellebjergvej 39,2450 København SV,,Vejgodstransport,,,1
Vognmand Frank Alan Thrane,"Stubmøllevej 8, 2. tv.",2450 København SV,,Vejgodstransport,,,1
DUPONT-Flytning A/S,Ellebjergvej 39,2450 København SV,36457000,Flytteforretninger,,,15
Halmtorvets Transport A/S,Grønttorvet 280 1,2500 Valby,36451400,Vejgodstransport,,,12
Arnoldi ApS,Danhaven 46,2500 Valby,36166046,Vejgodstransport,,,4
Kenneth Winther v/Kenneth Winther Henriksen,"Heldbovej 59, 2.th.",2500 Valby,33330541,Vejgodstransport,,,3
Byens Transport v/Dennis Andersen,Grønttorvet 280,2500 Valby,,Vejgodstransport,,,2
Jakob Kraul Nielsen,Grønnehave Alle 9,2500 Valby,,Vejgodstransport,jacob.kraul@mail.dk,,2
Hallengreen Transport v/Claus Hallengreen Larsen,Søndre Allé 28,2500 Valby,36171219,Vejgodstransport,,,1
Vindex Transport v/ Ole Vindex Nielsen,"Druehaven 39, st.tv.",2500 Valby,36450377,Vejgodstransport,,,1
Brdr. Lembcke A/S,Grønttorvet 220,2500 Valby,,Engroshandel med frugt og grøntsager,,,8
Winberg Transport ApS,Heldbovej 59 2.th,2500 Valby,,Speditører,,,11
A. Sømod A/S,Fabriksparken 24,2600 Glostrup,39660102,Vejgodstransport,kontakt@a-soemod.dk,,30
Deres Total Transport ApS,Formervangen 14,2600 Glostrup,46155710,Vejgodstransport,lager@dtt.nu,,20
Dansk Autohjælp Vestegnen A/S,Formervangen 40,2600 Glostrup,43440115,Vejgodstransport,,,10
L.H.S. - Transport & Spedition A/S,Sydvestvej 67,2600 Glostrup,,Vejgodstransport,,,10
Mogens Nielsen Transport ApS,Formervangen 8,2600 Glostrup,43466666,Vejgodstransport,,,10
Henrik Sørensen Transport A/S,Smedeland 13,2600 Glostrup,43434545,Vejgodstransport,526@526.dk,,7
Glad Transport v/Michael Glad,Sydvestvej 91,2600 Glostrup,40164951,Vejgodstransport,,,5
Henrik Herrestrup,Ejbydalsvej 125,2600 Glostrup,,Vejgodstransport,,,3
JDL Transport ApS,"Vestergårdsvej 71, 2. tv.",2600 Glostrup,23749038,Vejgodstransport,,,2
Dia-log Transport & Logistik Poul Erik Frandsen,Fabriksparken 1,2600 Glostrup,39672414,Vejgodstransport,dia-log@dia-log.info,,1
Johnny Rosfeldt,"Leddet 5, 2.tv.",2600 Glostrup,26713671,Vejgodstransport,612@minitransvogn.dk,,1
Svend-Ejler Rasmussen,Ravnager 36,2600 Glostrup,43453452,Vejgodstransport,,,1
Rømming Transportservice ApS,Sydvestvej 110,2600 Glostrup,,Vejgodstransport,,,8
I/S Vestforbrænding,Ejby Mosevej 219,2600 Glostrup,44857000,Bortskaffelse af affald med energiproduktion,,,1
Hvidovre Transport ApS,Smedland 32,2600 Glostrup,70701660,"Engroshandel med personbiler, varebiler og minibusser",info@hvidovre-transport.dk,,20
Jonas & Co. A/S,Fabriksparken 1,2600 Glostrup,36300222,Flytteforretninger,,,2
Colas Danmark A/S,Fabriksparken 40,2600 Glostrup,,Fremstilling af asfalt og tagpap,,,1
Dansk Flaskegenbrug A/S,Paul Bergsøesvej 47,2600 Glostrup,70202005,Genbrug af sorterede materialer,,,8
DTT Holding ApS,Formervangen 14-16,2600 Glostrup,,Ikke-finansielle holdingselskaber,,,3
City Renovation A/S,Hvissingevej 100,2600 Glostrup,44848500,Indsamling af ikke-farligt affald,info@cityrenovation.dk,,45
Leif M. Jensen A/S,Sydvestvej 70,2600 Glostrup,43961566,Opsamling og behandling af spildevand,,,46
HCS Transport & Spedition A/S,Hvissingevej 100,2600 Glostrup,,Speditører,,,225
SP Transport & Spedition A/S,Farverland 5,2600 Glostrup,43459266,Speditører,,,90
RenoDanmark A/S,Hvissingvej 100,2600 Glostrup,43424100,Speditører,ebeltoft@centimex.dk,,28
Aktieselskabet MOVE IT,Fabriksparken 8 B,2600 Glostrup
M. Larsen Vognmandsfirma A/S,Vibeholmsvej 5-7,2605 Brøndby,43426619,Vejgodstransport,,,230
Stokholm Transport A/S,Kornmarksvej 16,2605 Brøndby,43204320,Vejgodstransport,ls@lst.dk,,55
Dickol A/S,Park Alle 350 D,2605 Brøndby,36775380,Vejgodstransport,,,20
A/S Brdr. Chabert,Vibeholmsvej 5,2605 Brøndby,43631828,Vejgodstransport,,,15
Brøndby Kran & Transport ApS,Nyager 5,2605 Brøndby,43764601,Vejgodstransport,,,11
NFT Logistik v/ Niels V. Frederiksen,Nyagervej 5,2605 Brøndby,70237305,Vejgodstransport,info@nftlogistik.dk,,6
M.M. Transport ApS,Rytterdammen 13,2605 Brøndby,39677161,Vejgodstransport,,,4
Vognmand Bent Jønson A/S,Ved Kirkebjerg 57,2605 Brøndby,,Vejgodstransport,,,4
Søren Rønne Frederiksen,Grønnemarksvej 8,2605 Brøndby,43453761,Vejgodstransport,,,3
Køletransporten ApS,Midtager 37-39,2605 Brøndby,20814191,Vejgodstransport,,,2
MP Transport v/Mads Petersen,"Tranehaven 42, 2.tv2",2605 Brøndby,31336496,Vejgodstransport,,,2
Claus Jensen Transport,Hyldeager 14,2605 Brøndby,,Vejgodstransport,,,1
Vognmand Frank Nielsen,Knudslundvej 30C,2605 Brøndby,,Vejgodstransport,,,1
Vognmand Ole Christoffersen,Vesttoftevej 18,2605 Brøndby,43458969,Vejgodstransport,,,1
Entreprenør Claus Gendrup,Brøndbytoften 9,2605 Brøndby,36758801,Anlæg af ledningsnet,,,4
Averhoff & Co. A/S,Banemarksvej 40,2605 Brøndby,43964233,Engroshandel med affaldsprodukter,,,11
Inter Express Transport A/S,Vallensbækvej 6,2605 Brøndby,,Flytteforretninger,,,6
Jumbo Transport A/S,Gammelager 1,2605 Brøndby,36868800,Speditører,,,1
Svend Povlsen A/S,Nyager 5,2605 Brøndby,43729203,Udlejning af erhvervsejendomme,,,6
Smørum Papir Holding A/S,Industrisvinget 7,2605 Brøndby,43293200,Virksomhedsrådgivning og anden rådgivning om driftsledelse,,,12
Gundermann's Eftf. A/S,Tæbyvej 3 - 5B,2610 Rødovre,,Vejgodstransport,,,7
FIRMA IB KUNO ANDERSEN,Torbistvej 16,2610 Rødovre,44927938,Vejgodstransport,,,4
Packman A/S,Korsdalsvej 129-131,2610 Rødovre,,Vejgodstransport,,,3
Tom Dalsgaard,Bjødstrupvej 10,2610 Rødovre,36410258,Vejgodstransport,,,1
Møbeltransport Danmark A/S (Lyngby Flytteforretning A/S),Islevdalvej 110,2610 Rødovre,44849222,Flytteforretninger,mobel@mobel.dk,,47
Brdr. Jensen Møbeltransport A/S,Hvidsværmervej 161,2610 Rødovre,,Flytteforretninger,info@bjflyt.dk,,8
Flytteforretningen Frederiksholm A/S,Rødovrevej 251,2610 Rødovre,,Flytteforretninger,,,5
Holger Danske Flytteforretning A/S,Hvidsværmervej 163 - 165,2610 Rødovre,38888055,Flytteforretninger,hdflyt@danbbs.dk,,4
Vanløse Flytteforretning ApS,Tæbyvej 3,2610 Rødovre,,Flytteforretninger,,,4
HCLV A/S,Valhøjs Allé 189,2610 Rødovre,,Ikke-specialiseret engroshandel,,,2
Dansk Special Affald A/S,Islevdalvej 119,2610 Rødovre,32966900,Indsamling af farligt affald,affald@dsa-as.dk,,7
Jeudan Servicepartner A/S,Valhøj Allé 158,2610 Rødovre,,Opførelse af bygninger,,,1
Vestergaards Autoudlejning A/S,Hvidovrevej 9,2610 Rødovre,,"Udlejning og leasing af andet materiel, udstyr og andre materielle aktiver i.a.n.",,,8
SOS Trans A/S,Herstedvang 3 a,2620 Albertslund,,Vejgodstransport,,,31
GTD ApS,Rydagervej 7,2620 Albertslund,70257570,Vejgodstransport,marianne@glostruptd.dk,,25
Allan Stig Sørensen,Bispehusene 7,2620 Albertslund,31147707,Vejgodstransport,Sorensenv8@hotmail.com,,4
S.A. Transport v/Tina Johansen,Rimbuen 32,2620 Albertslund,,Vejgodstransport,,,4
Vognmand Poul Seiler,Elefantens Kvarter 8 E,2620 Albertslund,43629199,Vejgodstransport,,,1
Vognmand Povl Albrechtsen,Enebærhaven 93,2620 Albertslund,,Vejgodstransport,,,1
I/S Ugebladsdistributionen,Herstedvang 11,2620 Albertslund,43649400,Andre post- og kurertjenester,,,3
ISS Kloak- & Industriservice A/S,Rydagervej 27,2620 Albertslund,43646939,Opsamling og behandling af spildevand,,,150
G.P. Spedition ApS,Herstedvang 3 A,2620 Albertslund,,Speditører,,,57
Scan Courier ApS,Roskildevej 18A,2620 Albertslund,,Speditører,,,2
Harmanci Transport ApS,"Fosgården 16, 2.tv.",2620 Albertslund,,Uoplyst,,,2
LogiDa A/S,Jydekrogen 7,2625 Vallensbæk,43350040,Vejgodstransport,lisbeth@logida.dk,,12
Oxlund Trans 3 x 34 v/John Oxlund,Nordmarksvænge 33,2625 Vallensbæk,,Vejgodstransport,,,5
Hasse Nielsen,Nørrebred 153,2625 Vallensbæk,,Vejgodstransport,,,4
Miller Transport v/Per Friisgaard Miller,Rendsagervej 46,2625 Vallensbæk,,Vejgodstransport,,,1
Bøgeskov Flytteforretning A/S,Jydekrogen 7,2625 Vallensbæk,70222324,Flytteforretninger,,,25
J. Nørgaard Petersen A/S,Letland Allé 3,2630 Taastrup,43550311,Vejgodstransport,,,50
Viggo Petersens Eftf. A/S,Letland Allé 3,2630 Taastrup,43990510,Vejgodstransport,,,50
KJ Fragt A/S,Letland Alle 3,2630 Taastrup,48400500,Vejgodstransport,,,43
Knud Frederiksen Transport ApS,"Hørskætten 22, 1.",2630 Taastrup,47177708,Vejgodstransport,,,16
Finn Juel Jensen,Rødhøjgårdsvej 89,2630 Taastrup,43524096,Vejgodstransport,,,6
Vridsløsemagle Kran & Container v/Charlotte Andersen,Tørvevej 2,2630 Taastrup,43525527,Vejgodstransport,,,5
Wollers Transport v/Carsten Woller Jensen,Vandmestervej 29,2630 Taastrup,44959045,Vejgodstransport,,,5
"Orla Henriksen ApS, Tåstrup",Snedkervej 5,2630 Taastrup,,Vejgodstransport,,,4
Erhvervs Transporten A/S,Malervej 6,2630 Taastrup,43998415,Vejgodstransport,,,3
Køl-Fryse Transport v/Søren Jakob Vilhelmsen,Gyvelhegnet 40,2630 Taastrup,31127230,Vejgodstransport,tove.vilhelmsen@3mail.dk,,3
LF Distribution ApS,Hegnstoften 9,2630 Taastrup,,Vejgodstransport,,,3
Professional Transport v/Mahmoudreza Mirsepasi,Spaden C 4 3 th.,2630 Taastrup,51767662,Vejgodstransport,mmirsepasi@hotmail.com,,2
Vognmandsforretningen Erik Jensen & Sønner ApS,Landsbygaden 19,2630 Taastrup,43995128,Vejgodstransport,,,2
FLP GODSTRANSPORT V/FINN LUND PEDERSEN,Egevangshusene 239,2630 Taastrup,43713516,Vejgodstransport,,,1
Michael Weber Lau ApS,Spjeldager 13,2630 Taastrup,43999036,Vejgodstransport,,,1
Vognmandsfirmaet Martin Christensen ApS,Kirkestien 26,2630 Taastrup,43999157,Vejgodstransport,,,1
Abak Kloakservice A/S,Vandmestervej 12,2630 Taastrup,43441910,Anlæg af ledningsnet,abak@abak.dk,,25
Volvo Danmark A/S,Taastrupgårdsvej 32,2630 Taastrup,43555800,Engros- og detailhandel med lastbiler og påhængsvogne mv.,volvotruckcenter@dk.volvo.com,,5
Have- & Parkentreprenøren ApS,Kirkestien 26,2630 Taastrup,43999157,Opførelse af bygninger,have-parkentreprenoren@live.dk,,1
Spul & Rens ApS,Industribakken 4,2630 Taastrup,72100022,Opsamling og behandling af spildevand,heidi@spulogrens.dk,,4
Taastrup Kloakservice v/Jan Olesen,Vandmestervej 5,2630 Taastrup,43711730,Opsamling og behandling af spildevand,,,3
Vallensbæk Autotransport v/René Dan Bo Pedersen,Snubbekorsvej 5,2630 Taastrup,40896327,Parkering og vejhjælp mv.,,,6
D.F. Flyers ApS,Letland Alle 3,2630 Taastrup,,Vikarbureauer,,,1
Thurah Transport A/S,Baldershøj 16,2635 Ishøj,32572200,Vejgodstransport,,,40
City Carrier EU ApS,"Industribuen 2,",2635 Ishøj,,Vejgodstransport,,,19
Top Transport v/Henning Frederiksen,Vildtbaneparken 114,2635 Ishøj,43545414,Vejgodstransport,,,10
Emil Hansen A/S,Baldershøj 16-18,2635 Ishøj,70255207,Vejgodstransport,,,8
O. Thurah København ApS,Baldershøj 16-18,2635 Ishøj,,Vejgodstransport,,,6
TBT ApS,Brentedalen 6 B,2635 Ishøj,,Vejgodstransport,,,6
Frema Transport ApS,"Gildbrostien 12, 2.tv.",2635 Ishøj,,Vejgodstransport,,,4
Kurt Larsen ApS,Egelunden 61,2635 Ishøj,40530416,Vejgodstransport,,,4
MEK.Trans ApS,Landlyststien 38 3 th,2635 Ishøj,23657141,Vejgodstransport,mekarahan.trans@gmail.com,,2
Mogens Everdahl,Landlyst Vænge 116,2635 Ishøj,43733609,Vejgodstransport,,,2
Skouboe Transport ApS,Lille Bygade 14,2635 Ishøj,,Vejgodstransport,,,2
Brian Gosvig Nielsen,Ørnekærs Vænge 84,2635 Ishøj,40742918,Vejgodstransport,gosvig@ishoejby.dk,,1
J.R.-J Transport v/Jan Ravn-Jonsen,Tranegilde Strandvej 102,2635 Ishøj,43537677,Vejgodstransport,,,1
Jørgen Tinghus Jensen,Egelunden 100,2635 Ishøj,,Vejgodstransport,,,1
Vognmand Ole Knudsen,Jægervangen 16,2635 Ishøj,,Vejgodstransport,,,1
Vognmand Per Hyllested,Pilegårds Vænge 109,2635 Ishøj,43541206,Vejgodstransport,,,1
Zacho-Lind A/S,Baldersbækvej 10,2635 Ishøj,43550790,Anlæg af veje og jernbaner,,,4
A.F. Nyhuus A/S,Køgevej 227,2635 Ishøj,43774551,Engroshandel med frugt og grøntsager,nyhuus@vip.cybercity.dk,,5
Scandimex Danmark ApS,Baldersbækvej 33,2635 Ishøj,43538787,"Engroshandel med personbiler, varebiler og minibusser",info@scandimex.dk,,1
Per Hansen Entreprise A/S,"Torslundegård, Torslundevej 170",2635 Ishøj,43523419,Forberedende byggepladsarbejder,,,1
J.H. Transport ApS,Industrivangen 18,2635 Ishøj,,Speditører,jh@43735555.dk,,12
VVS Installatør Leon Petersen A/S,Baldershøj 1,2635 Ishøj,43734100,VVS- og blikkenslagerforretninger,adm@leonpetersen.dk,,1
M.P. Transport v/Jan Aage Petersen,Ågesholmvej 2,2640 Hedehusene,43529216,Vejgodstransport,,,15
Mads Bonderup A/S,Guldalderen 4,2640 Hedehusene,70238020,Vejgodstransport,,,12
Johnny Schirrmacher,Flintebjergvej 6,2640 Hedehusene,46565945,Vejgodstransport,,,10
H.C. Henriksens Eftf. K.K. ApS,Smedevænget 30,2640 Hedehusene,,Vejgodstransport,,,3
Anders Pedersen Transport ApS,"Hedekæret 10, 1. tv.",2640 Hedehusene,20892439,Vejgodstransport,ap-transport@hotmail.com,,2
RGJ Transport v/René Grundahl Jensen,Reichelsvej 4,2640 Hedehusene,41272777,Vejgodstransport,rgj_transport@mail.dk,,2
Brian Winther Mortensen,Thorsbrovej 16 B,2640 Hedehusene,43999106,Vejgodstransport,bwm@privat.dk,,1
J. Sørensen Transport ApS,Pilevej 13,2640 Hedehusene,46562500,Vejgodstransport,,,1
Lars Jacobsen,"Hedekæret 15, 1. th.",2640 Hedehusene,,Vejgodstransport,,,1
Steffen Wenningfeldt,Stationsvej 28,2640 Hedehusene,46561526,Vejgodstransport,,,1
Vognmand Leif Hansen,Hovmarksvej 1,2640 Hedehusene,46138230,Vejgodstransport,,,1
Niltek Service Partner v/ Niels Holger Binzer,Højvangsvej 11,2640 Hedehusene,24623016,Andre post- og kurertjenester,nhbinzer@mail.dk,,1
Flyttefirmaet Hemmingsen & Søn v/Ole Hemmingsen,Magnoliavej 27,2640 Hedehusene,,Flytteforretninger,,,4
Roskilde Teltudlejning v/Tom Rasmussen,Korshavevej 25,2640 Hedehusene,46593484,"Udlejning og leasing af andet materiel, udstyr og andre materielle aktiver i.a.n.",,,2
Poul Erik Hjorth,Rundageren 21,2640 Hedehusene ,43522857,Vejgodstransport,hjorthstransport@email.dk,,5
Ole Grønkjær ApS,Avedøreholmen 74,2650 Hvidovre,,Vejgodstransport,,,27
Jens Johannesen,Avedøreholmen 62,2650 Hvidovre,,Vejgodstransport,,,26
CAMONI A/S,Valseholmen 5,2650 Hvidovre,36494700,Vejgodstransport,,,16
Autoscan ApS,Lodsvej 9,2650 Hvidovre,36772212,Vejgodstransport,,,14
René's Transport v/René Wermuth,Homers Allé 11,2650 Hvidovre,,Vejgodstransport,,,12
Dan East Transport af 2009 ApS,Valseholmen 18,2650 Hvidovre,,Vejgodstransport,,,10
Fragt-Taxi ApS,Hammerholmen 39 H,2650 Hvidovre,36779925,Vejgodstransport,,,6
Hovedstadens Flytteforretning ApS,Ketteholm 43,2650 Hvidovre,25486001,Vejgodstransport,,,4
Kim Bülow,Ketilstorp Alle 88,2650 Hvidovre,36775957,Vejgodstransport,,,4
Anders Reich,Byvej 83 C,2650 Hvidovre,,Vejgodstransport,,,2
Vognmand Jan Carstensen,Allingevej 74,2650 Hvidovre,,Vejgodstransport,,,2
Vognmand Kenneth Larsen,Elme Allé 19,2650 Hvidovre,36775917,Vejgodstransport,kerola1234@hotmail.com,,2
Vognmand Kenneth Wittrog,Dryadevej 36,2650 Hvidovre,,Vejgodstransport,,,2
Bjarne Jensen,Hellbergsvej 8,2650 Hvidovre,36770406,Vejgodstransport,,,1
Grubbe v/Svend Grubbe,Strandvangsvej 48,2650 Hvidovre,,Vejgodstransport,,,1
Jespers Transport v/Jesper Hartmann Pedersen,"Rebæk Søpark 23, 4. mf.",2650 Hvidovre,,Vejgodstransport,,,1
K.Søndergaard Petersen Transport ApS,Langhøjvej 10,2650 Hvidovre,36786848,Vejgodstransport,,,1
Mini Trans v/Flemming Lehim,"Hvidovrevej 356, 1.th.",2650 Hvidovre,36493490,Vejgodstransport,,,1
TNO Transport v/Tommy Olsen,Frydenhøjparken 17,2650 Hvidovre,36781260,Vejgodstransport,,,1
Voss Express ApS,Ærtebjergvej 79,2650 Hvidovre,21248771,Vejgodstransport,,,1
Poul Larsen,Bjergagervej 27 B,2650 Hvidovre,36788866,Andre post- og kurertjenester,,,1
Lyngholm Kloark Service I/S,Avedøreholmen 58,2650 Hvidovre,36770077,Anlæg af ledningsnet,Lyngholm@Lyngholm.dk,,6
Jønsson's Kloakservice ApS,Helenas Alle 28,2650 Hvidovre,,Anlæg af ledningsnet,,,2
Lyngholm Kloak-Renovering A/S,Avedøreholmen 58,2650 Hvidovre,36770077,Anlæg af ledningsnet,Lyngholm@Lyngholm.dk,,2
Theill Kloakservice ApS,Hvidovregade 28,2650 Hvidovre,36484858,Anlæg af ledningsnet,,,2
Richs v/ Kim Ole Ankerstjerne Rich,Brostykkevej 14,2650 Hvidovre,24617953,Autoreparationsværksteder mv.,kimrich@richsautogummi.dk,,2
BLJ Transport v/ Bryan Jacobsen,Risbjergvej 26,2650 Hvidovre,,"Bugserings-, bjærgnings- og redningsvæsen mv",,,1
Københavns Autotransport ApS,Kanalholmen 14 C,2650 Hvidovre,,"Bugserings-, bjærgnings- og redningsvæsen mv.",,,12
H. Orloff ApS,Strandskadevej 12,2650 Hvidovre,36786083,Engroshandel med andre maskiner og andet udstyr,,,3
Dansk Blomsterexport- Kurt Lygteskov A/S,Avedøreholmen 80,2650 Hvidovre,36497033,Engroshandel med blomster og planter,,,1
Byens Depot Øl & Vand ApS,Jernholmen 6,2650 Hvidovre,,"Engroshandel med øl, mineralvand, frugt- og grøntsagssaft",,,2
Adams Transport Co. ApS,Kanalholmen 31,2650 Hvidovre,36860000,Flytteforretninger,europe@adam.dk,,6
Partner & Co. A/S,Hammerholmen 9,2650 Hvidovre,,Flytteforretninger,,,5
Andy Pengeskabstransport ApS,Hædersdalvej 2 A,2650 Hvidovre,36474844,Flytteforretninger,,,3
"Hellerup Flytteforretning & Kunsttransport, v/Mogens Jensen",Stamholmen 192,2650 Hvidovre,39622428,Flytteforretninger,hellerupflyt@pc.dk,,3
Vognmand Jan Lorentzen ApS,Elsborgvej 17,2650 Hvidovre,36756484,Ikke-finansielle holdingselskaber,,,2
Lantmännen Schulstad A/S,Hammerholmen 27,2650 Hvidovre,36397100,Industriel fremstilling af brød: kager mv.,,,80
DBE Kloakservice ApS,Søvangsvej 48,2650 Hvidovre,72100125,Opsamling og behandling af spildevand,,,2
Copenhagen Light Production A/S,Stamholmen 165 G,2650 Hvidovre,38888058,"Udlejning og leasing af andet materiel, udstyr og andre materielle aktiver i.a.n.",,,7
Allan Villadsen A/S,Hammerholmen 32,2650 Hvidovre,36492122,VVS- og blikkenslagerforretninger,,,1
"E. Fryland Transport, v/Kenneth Fryland",Silervej 6,2660 Brøndby Strand,,Vejgodstransport,,,7
B.K. Instrument og Transport Service v/Bo Børge Kleiner,Dyringparken 218,2660 Brøndby Strand,43735495,Vejgodstransport,,,2
Hasse Nilsson,Sneglebo 7,2665 Vallensbæk Strand,,Vejgodstransport,,,5
Bjarne Brunstedt,Hyttekrogen 17,2665 Vallensbæk Strand,,Vejgodstransport,,,1
Vognmand Ebbe Melgaard,Gl. Køge Landevej 906,2665 Vallensbæk Strand,43544560,Vejgodstransport,,,1
SBN International Transport-Logistik ApS,Vejlegårdsparken 46 1 th,2665 Vallensbæk Strand,,Andre tjenesteydelser i forbindelse med transport,sbn@sbn-transport.dk,,2
"Scheller, Hougaard & Petersen A/S",Vejlegårdsvej 65,2665 Vallensbæk Strand,43732105,Anlæg af veje og jernbaner,,,2
Bord Dæk Dig A/S,Liselundsvej 4-6,2665 Vallensbæk Strand,36303633,Udlejning og leasing af andre varer til personlig brug og husholdningsbrug i.a.n.,,,7
BAC I/S,Vejlesvinget 6,2665 Vallensbæk Strand,,Udlejning og leasing af biler og lette motorkøretøjer,,,4
Kim Johansen International Transport A/S,Geminivej 10,2670 Greve,43959300,Vejgodstransport,,,333
Westend Transport A/S,Geminivej 48,2670 Greve,,Vejgodstransport,,,26
J.O. RASMUSSEN & CO. A/S,Elektronvej 7,2670 Greve,,Vejgodstransport,,,18
J.E. Distribution ApS,"Ventrupparken 10, 2. sal th.",2670 Greve,70251151,Vejgodstransport,,,17
Glimø Transport ApS,Bjergvænget 19,2670 Greve,43536156,Vejgodstransport,,,15
JLM Unicool Transport ApS,Lunikvej 2,2670 Greve,43902400,Vejgodstransport,,,15
Norddistribution af 1982 A/S,Korskildemark 5,2670 Greve,,Vejgodstransport,norddistribution@norddistribution.dk,,14
BD Transport ApS,Ventrupparken 10,2670 Greve,31161630,Vejgodstransport,kontakt@bd-transport.dk,,12
ADR-Transport ApS,Greve Main 38,2670 Greve,,Vejgodstransport,,,11
Erik Larsen ApS,Lunikvej 9,2670 Greve,,Vejgodstransport,,,4
"Frederiksen, Lau & Mikkelsen A/S",Grevetoften 17,2670 Greve,40503632,Vejgodstransport,,,4
Jimmy Pedersen,Birkelyparken 136,2670 Greve,43698989,Vejgodstransport,,,4
Kran & Grab Service v/Benny Vestergaard Pedersen,Lyngager 2,2670 Greve,43904945,Vejgodstransport,,,4
3X34 VOGN 485 V/E B PEDERSEN,Vesterbjerg 27,2670 Greve,43904495,Vejgodstransport,286@mail.dk,,2
Anders Larsen ApS,Lunikvej 9,2670 Greve,,Vejgodstransport,,,2
B.L.S. Transport v/Bo Loyd Skjødt,Byvejen 26,2670 Greve,43610413,Vejgodstransport,,,2
H. A. Transport v/Haci Hasan Arabaci,"Dalhuset 4, st. 1.",2670 Greve,43691285,Vejgodstransport,,,2
Jan Funder Vognmand v/Jan Funder Sørensen,Geminivej 29,2670 Greve,,Vejgodstransport,,,2
Ulrich Mikkelsen,Gyvelkæden 24,2670 Greve,43907797,Vejgodstransport,,,2
Henrik C.Olsen Vognmandsforretning,Bag Kirken 20,2670 Greve,43404329,Vejgodstransport,,,1
J N Transport v/Niels Jan Nielsen,Dønnergårds Alle 83,2670 Greve,,Vejgodstransport,,,1
Kaj Villadsen Sørensen,Grevevej 30,2670 Greve,43610520,Vejgodstransport,,,1
Michael Andersen af 3.1.2005 ApS,Rugbjerg 34,2670 Greve,20683434,Vejgodstransport,,,1
Thomas Helmer Transport v/Thomas Helmer,Vandværksvej 5,2670 Greve,43697121,Vejgodstransport,thelmer6@hotmail.com,,1
Vognmand Hans Jensen,Nældebjerg Alle 131,2670 Greve,43905265,Vejgodstransport,,,1
Vognmand v/Jesper Schmidt Frederiksen,Grevetoften 17,2670 Greve,43404272,Vejgodstransport,jesper.frederiksen@live.dk,,1
Flytteforretningen Axdal A/S,Agenavej 24,2670 Greve,43565959,Flytteforretninger,info@axdal-flyt.dk,,7
Michael Jensen ApS,Solvængets Alle 28,2670 Greve,32533428,Flytteforretninger,,,2
Peter Mikkelsen,Svanemosen 19,2670 Greve,,Flytteforretninger,,,1
Steen Tofteng A/S,Korskildelund 6,2670 Greve,43900097,Indsamling af ikke-farligt affald,post@tofteng-as.dk,,12
Sydslam A/S,Ventrupparken 10,2670 Greve,70205141,Opsamling og behandling af spildevand,,,22
Leman International System Transport A/S,Ventrupvej 6,2670 Greve,,Speditører,,,13
Ramirent A/S,Hundigevej 85,2670 Greve,43958888,Udlejning og leasing af entreprenørmateriel,lsr@ramirent.dk,,4
Anker Andersen,Solvængets Allé 15,2670 Greve,,,winank@webspeed.dk,,1
Minimax ApS,Ventrupparken 10,2670 Greve ,50503560,Vejgodstransport,,,2
International Tank Service ApS,Engvangen 3,2680 Solrød Strand,,Vejgodstransport,,,10
Mariann Transport ApS,"Egeholmen 13, 1. th.",2680 Solrød Strand,,Vejgodstransport,,,2
Finn Michael Larsen,Pilevej 2,2680 Solrød Strand,56143292,Vejgodstransport,,,1
J.E.L. Transport v/Jan Erik Larsen,Ankerhusvej 69,2680 Solrød Strand,56143272,Vejgodstransport,,,1
Vognmand John Erik Bækkel Nielsen,Engvangen 3,2680 Solrød Strand,40501030,Vejgodstransport,mail@its-solrod.dk,,1
Per Lyngholm Andersen Autobugsering,Nemovej 2,2680 Solrød Strand,56145584,Parkering og vejhjælp mv.,,,1
Orla Christensen & Sønner A/S,Metalgangen 25,2690 Karlslunde,,Vejgodstransport,,,50
Vestegnens Transport Service A/S,Silovej 22,2690 Karlslunde,56140122,Vejgodstransport,,,50
Kjærgaard Distribution A/S,Karlslundevej 16,2690 Karlslunde,46154635,Vejgodstransport,,,29
J. Jensen Transport ApS,Ingesvej 8,2690 Karlslunde,21675626,Vejgodstransport,,,11
Carsten Henriksen,Sortemosen 17,2690 Karlslunde,46162100,Vejgodstransport,,,4
Vognmand Arne Frederiksen ApS,Markersvænge 39,2690 Karlslunde,46151464,Vejgodstransport,,,4
Vognmand Flemming Olsen ApS,Søhøj 9,2690 Karlslunde,46150477,Vejgodstransport,,,3
Vognmand Freddy Moll Petersen,Søhøj 30,2690 Karlslunde,46154868,Vejgodstransport,,,3
MB Transport v/Michael Lindbæk Bærensen,Firhøj 16,2690 Karlslunde,,Vejgodstransport,,,2
Skals ApS,Klitvej 15,2690 Karlslunde,40167440,Vejgodstransport,,,2
Firma Bjarne Thomsen,Margrethe Allé 7,2690 Karlslunde,46150195,Vejgodstransport,,,1
Lars Balster Pedersen,Bjælkevangen 8,2690 Karlslunde,,Vejgodstransport,,,1
Mærsk Transport v/Brian Mærsk,Søen 95,2690 Karlslunde,46153767,Vejgodstransport,,,1
Vognmand Jan Thorkildsen,Karlslunde Landevej 18,2690 Karlslunde,,Vejgodstransport,,,1
J P MORTENSEN I/S,Karlslunde Centervej 49,2690 Karlslunde,,Autoreparationsværksteder mv.,,,2
TJ Bjergning v/Thomas Jørgensen,Hovedgaden 40,2690 Karlslunde,,"Bugserings-, bjærgnings- og redningsvæsen mv.",,,1
Rix Flytteforretning ApS,Karlslunde Landevej 2,2690 Karlslunde,,Flytteforretninger,,,7
City Kran v/Peter Thomsen,Bakkekammen 23,2700 Brønshøj,,Vejgodstransport,,,2
Vognmand Jørgen Banke,Sørupvej 4,2700 Brønshøj,38801529,Vejgodstransport,,,1
C M Autobugsering og Transport v/Christian Martinsen,Husumvej 99 1tv,2700 Brønshøj,,Parkering og vejhjælp mv.,,,2
Stenfatt. DK ApS,Ålekistevej 155 st.,2720 Vanløse,,Vejgodstransport,,,7
Vognmandsforretningen Grundahl ApS,"Katrinedalsvej 43, 1. th.",2720 Vanløse,60669050,Vejgodstransport,grund@hl-enk.dk,,3
Ali ApS,Ålekistevej 22 st,2720 Vanløse,53333333,Vejgodstransport,ali@aliaps.dk,,2
PCP Interprise v/Peder Poulsen,Vanløse Allé 60,2720 Vanløse,,Vejgodstransport,,,2
Per Klitgård,Holsteinborgvej 15,2720 Vanløse,38712898,Vejgodstransport,,,2
Munketrans v/Niels Munk-Pedersen,"Morsøvej 59, 2.th.",2720 Vanløse,,Vejgodstransport,,,1
Karl Thygesen & Søn ApS,Tvedvangen 153,2730 Herlev,44946666,Vejgodstransport,pallekran@post.tele.dk,,6
Egsdal Transport ApS,Hededammen 27,2730 Herlev,,Vejgodstransport,,,4
René Petersen Transport ApS,Vesterlundvej 2,2730 Herlev,44841200,Vejgodstransport,,,4
Peter Laursen,Ålbrobakken 10,2730 Herlev,,Vejgodstransport,,,3
Etiopisk & Dansk Transport ApS,"Herlev Hovedgade 153, 1.th",2730 Herlev,,Vejgodstransport,,,2
JBT I/S,"Malurthaven 8, 3.th.",2730 Herlev,,Vejgodstransport,,,2
PS Transport v/Peter Steensen Greve,Paukevej 20,2730 Herlev,44949140,Vejgodstransport,,,2
Jan Asthing Pedersen,Onsbjerg Allé 47,2730 Herlev,44921887,Vejgodstransport,,,1
Lotus Transport v/Søren Bagger,Højdiget 21,2730 Herlev,44944800,Vejgodstransport,,,1
Ole Jensen,Kommenhaven 46,2730 Herlev,44840539,Vejgodstransport,,,1
Palle Mouritsen Transport ApS,Smaragdvej 8,2730 Herlev,44943236,Vejgodstransport,,,1
RTT Radiotelefonteknik Herlev ApS,Generatorvej 29,2730 Herlev,44535515,Autoreparationsværksteder mv.,,,2
Eva Transport A/S,Hørkær 34,2730 Herlev,70208731,Flytteforretninger,,,6
Bo's Flytteforretning ApS,Juni Allé 150,2730 Herlev,,Flytteforretninger,,,2
E. Trasborg A/S,Vesterlundvej 11,2730 Herlev,44942293,Udlejning og leasing af entreprenørmateriel,,,20
Dybendal Flytteforretning ApS,Vasekær 6-8,2730 Herlev,23440605,Uoplyst,,,1
United Trans ApS,Ved Hanevad 10,2740 Skovlunde,44915200,Vejgodstransport,,,34
BLH Transport ApS,Meterbuen 6 - 12,2740 Skovlunde,,Vejgodstransport,,,6
Tako Teknisk Assistance Korps ApS,Dyrehegnet 33,2740 Skovlunde,44840212,Vejgodstransport,,,2
Bryde & Sønner Flytteforretning A/S,Meterbuen 20,2740 Skovlunde,44532000,Flytteforretninger,,,15
Bøgeskov Lagerhotel A/S,Meterbuen 6-12,2740 Skovlunde,,Oplagrings- og pakhusvirksomhed,,,5
Lastbilcentralen A/S,Råmosevej 34-38,2750 Ballerup,44684300,Vejgodstransport,,,32
Henry Andersen & Søn A/S,Yderholmen 22,2750 Ballerup,,Vejgodstransport,,,14
Preben O Nielsen Vognmandsforretning A/S,Syvendehusvej 90,2750 Ballerup,44974318,Vejgodstransport,,,13
Hansens Vognmandsforretning ApS,Brandmosevej 7,2750 Ballerup,,Vejgodstransport,,,6
UC Jonstrup ApS,Nørrevej 10 A,2750 Ballerup,,Vejgodstransport,,,6
Altos Transport ApS,Yderholmen 8,2750 Ballerup,29627627,Vejgodstransport,,,3
J.M. Transport 2009 ApS,Syvendehusvej 90,2750 Ballerup,,Vejgodstransport,,,2
TMW Transport ApS,Vestbuen 125,2750 Ballerup,,Vejgodstransport,,,2
Pawelczuk Transport ApS,Udbakken 49,2750 Ballerup,,Vejgodstransport,,,1
Vognmand Erik Flemming Nielsen,Svalebo 22 A,2750 Ballerup,,Vejgodstransport,,,1
Mini Trans v/Bent Munkholm,Høstbuen 83,2750 Ballerup,30330617,Andre post- og kurertjenester,,,1
Jedo Transport v/Jes Dornhoff,Måløv Byvej 294,2760 Måløv,44646559,Vejgodstransport,,,5
Beck's Auto og MC v/Ole Beck Rasmussen,Bakkesvinget 32,2760 Måløv,,"Engroshandel med personbiler, varebiler og minibusser",,,3
Det lille bifald I/S v/John Kennet Nielsen og Susanne Bøgeskov Nielsen,"Eskebjerggårdsvej 4, 3.th.",2760 Måløv,24247050,Flytteforretninger,,,2
"Flyttexperten, v/Lars Jacob Johannesen",Måløv Byvej 229,2760 Måløv,,Flytteforretninger,flytte@flytteexperten.dk,,2
Vognmand Jørgen Sørensen-Sall,Georginehaven 100,2765 Smørum,,Vejgodstransport,,,1
Gunnar Larsen & Søn A/S,Edelgavevej 5,2765 Smørum,44975552,"Engroshandel med korn, uforarbejdet tobak, såsæd og foderstoffer",,,4
Michael Møller Mortensen A/S,Hassellunden 10,2765 Smørum,44972654,Landskabspleje,,,1
Ballerup-Smørum Kloakservice A/S,Nybølle Gadekærsvej 5,2765 Smørum,,Opsamling og behandling af spildevand,,,5
Brandis A/S,Risbyvej 26,2765 Smørum
A/S Georg Hansen Handel og Transport,Kirstinehøj 40,2770 Kastrup,32500092,Vejgodstransport,,,15
Kurergruppen Danmark ApS,Fuglebækvej 2C,2770 Kastrup,,Vejgodstransport,,,15
K. Sand Andersen ApS,"Kirstinevej 44, 2.",2770 Kastrup,32522777,Vejgodstransport,,,14
Robert Hansen af 19. april 2005 ApS,Cypres Allé 20,2770 Kastrup,,Vejgodstransport,,,5
Per Andersen Transport A/S,Kirstinehøj 11,2770 Kastrup,32521135,Vejgodstransport,,,4
Transportlink.dk. ApS,Kongelundsvej 420,2770 Kastrup,,Vejgodstransport,,,4
Ørestadens Flytteforretning ApS,Kongelundsvej 343,2770 Kastrup,,Vejgodstransport,,,3
3 X 34 / E.S Totalservice v/Erik Søby,Tanavej 21,2770 Kastrup,,Vejgodstransport,,,2
Clifford Larsen,Vejstrup Allé 19,2770 Kastrup,32528087,Vejgodstransport,,,2
MR Trans ApS,Herkules Alle 28,2770 Kastrup,,Vejgodstransport,,,2
Vognmand John Christiansen,Snebær Alle 23,2770 Kastrup,32523090,Vejgodstransport,,,2
Vognmand:Jesper Camoni Smollerup,Jerslev Alle 56,2770 Kastrup,32550469,Vejgodstransport,,,2
B.J. Transport v/ Jan Andruszkow,Helmer Søgårds Allé 1 2th,2770 Kastrup,,Vejgodstransport,,,1
TGH-Transport v/Tommy Geronne Hansen,Borrelyngen 29,2770 Kastrup,,Vejgodstransport,,,1
Vognmand Eric Larsen,Kirstinehøj 50,2770 Kastrup,28106774,Vejgodstransport,Eric.larsen@hotmail.com,,1
City Kloakservice v/Kenneth Larsen,Kirstinehøj 36 A,2770 Kastrup,33144109,Anlæg af ledningsnet,citycloak@c.dk,,2
Mianne's Truckstyling v/Marianne Foli Knudsen,Moselundvej 17,2770 Kastrup,40588066,Detailhandel med reservedele og tilbehør til motorkøretøjer,mianne@miannetruckstyling.se,,1
Oliemanden v/ Mogens Kurt Hansen,Foldbyvej 36,2770 Kastrup,32504940,"Engroshandel med fast, flydende og luftformigt brændstof og lignende varer",mogensh@post2.tele.dk,,2
JD-Transport A/S,Oliefabriksvej 61,2770 Kastrup,32556868,Flytteforretninger,,,10
Fagfolkenes Flytteforretning A/S,Ladegårdsvej 6,2770 Kastrup,,Flytteforretninger,,,6
Express-Flyt v/Jesper Pihl,Højskole Alle 18,2770 Kastrup,23955110,Flytteforretninger,kontakt@express-flyt.dk,,1
Tårnby Kommune,Amager Landevej 76,2770 Kastrup,32471111,Generelle offentlige tjenester,,,1
Hellers Yacthværft ApS,Kastrup Strandpark 9,2770 Kastrup,32503017,Reparation og vedligeholdelse af skibe og både,,,1
Københavns Lufthavne A/S,Lufthavnsboulevarden 6,2770 Kastrup,32313231,Serviceydelser i forbindelse med luftfart,,,13
Danish Refuelling Services I/S c/o Brændstofgården,Københavns Lufthavn,2770 Kastrup,,Serviceydelser i forbindelse med luftfart,,,3
Geodis Wilson Denmark A/S,Oliefabriksvej 29 - 43,2770 Kastrup,32517511,Speditører,info@dk.wilsonlog.com,,2
VOGNMAND STEPHEN ULRICH DIXEN,Tømmerupvej 280,2791 Dragør,32538218,Vejgodstransport,,,10
3 x 34 Transport v/Kjeld Bay Olsen,Skansevej 15,2791 Dragør,32821366,Vejgodstransport,,,1
B H Transport v/Benny Hansen,Lille Tværvej 5,2791 Dragør,,Vejgodstransport,,,1
Dansk Logistik og Transportservice ApS,Poppelvej 13,2791 Dragør,29342342,Vejgodstransport,info@dlts.dk,,1
P.K.H. Larsen Vognmandsforretning m.m.,Fælledvej 86,2791 Dragør,32537675,"Dyrkning af grøntsager og meloner, rødder og rodknolde"
Michael Holm Transport & Flytning A/S,Strandbakken 21,2791 Dragør,,Flytteforretninger,,,7
Kongelunden Slamsugerservice ApS,Kongelundsvej 603,2791 Dragør,,Opsamling og behandling af spildevand,,,2
Stenberg Transport A/S,Bagsværdvej 78,2800 Lyngby,45875357,Vejgodstransport,,,24
Messeter ApS,Maglebjergvej 20,2800 Lyngby,45872303,Vejgodstransport,,,23
"Hestetransporten, v/David Brodin Larsen","Lundtoftegårdsvej 107, 1. tv.",2800 Lyngby,45803021,Vejgodstransport,postmaster@hestetransporten.dk,,4
E B Transport v/Erik Baumann,Havretoften 3,2800 Lyngby,20430338,Vejgodstransport,eb.transport@email.dk,,1
Lyngby Container Central ApS,"Lyngbygårdsvej 63, 1.tv.",2800 Lyngby,,Vejgodstransport,,,1
Peter Waage Møller,"Gammelmosevej 107 H, 1.th1",2800 Lyngby,23253434,Vejgodstransport,,,1
Vognmand Jonas Lie v/Jens Lie,Gammelmosevej 132,2800 Lyngby,,Vejgodstransport,,,1
Christianslyst ApS,Mesterlodden 15,2820 Gentofte,,Vejgodstransport,,,6
Ulrik Waage Møller,Grænsevej 17,2820 Gentofte,39696168,Vejgodstransport,,,2
TransportZone I/S,Grusbakken 5,2820 Gentofte,45877722,Vejgodstransport,info@transportzone.dk,,1
Peter Edelhart Andersen,Anemonevej 23,2820 Gentofte,45893029,Andre post- og kurertjenester,,,2
S. Jacobsen A/S,Kongevejen 182,2840 Holte,,Vejgodstransport,,,15
"Vognmandsfirmaet Fjellerup & Søn, v/Henrik Fjellerup",Skovlytoften 32,2840 Holte,45422406,Vejgodstransport,,,4
Holte Flytte og Vognmandsforretning ApS,Skovlytoften 24,2840 Holte,45420040,Flytteforretninger,,,8
Vognmand Kim Axdal Pedersen,Daltoftevej 6,2860 Søborg,45963730,Vejgodstransport,,,5
Gorm Grønhøj,Kiplings Alle 18,2860 Søborg,39565452,Vejgodstransport,,,4
Alem Meles,Mørkhøj Parkalle 6 E,2860 Søborg,,Vejgodstransport,,,2
BTM Transport ApS,Vadgårdsvej 223,2860 Søborg,20626262,Vejgodstransport,btm@btmtransport.dk,,2
Ole Frederiksens Vognmandsfor. I/S,Tobaksvejen 8,2860 Søborg,32195261,Vejgodstransport,jol@time.dk,,2
Vognmand Ole Frederiksen,Tobaksvejen 8,2860 Søborg,39696810,Vejgodstransport,,,2
Brian Jørgensen ApS,"Gladsaxevej 107, st.th.",2860 Søborg,39664586,Vejgodstransport,,,1
Frank Højer,"Mars Alle 52, st. tv",2860 Søborg,39691402,Vejgodstransport,,,1
Phillip E.L. Højer,Buddinge Hovedgade 182,2860 Søborg,39697106,Vejgodstransport,,,1
Jernpladsen A/S,Vandtårnsvej 90,2860 Søborg,,Engroshandel med affaldsprodukter,,,1
K. T. Anlægsgartner A/S Aut. Kloakmester,Vadgårdsvej 36,2860 Søborg,,Landskabspleje,,,1
Plys Handy Service v/Kim Ove Keincke,Maglegårds Alle 24,2860 Søborg,,Landskabspleje,,,1
"H. Nielsen & Sønner, Bagsværd A/S",Vadstrupvej 45,2880 Bagsværd,,Vejgodstransport,,,38
Schmidt Logistics A/S,Vadstrupvej 77,2880 Bagsværd,44448034,Vejgodstransport,,,14
Gladsaxe Vognmandsforretning ApS,Harestien 9,2880 Bagsværd,44491211,Vejgodstransport,,,6
Vognmandsforretningen Uffe Nielsen ApS,Skovdiget 30,2880 Bagsværd,44491211,Vejgodstransport,,,6
Bagsværd Transport A/S,Brudelysvej 10,2880 Bagsværd,,Vejgodstransport,,,5
A.J. Transport/Flytning ApS,Brudelysvej 15 A,2880 Bagsværd,39672868,Vejgodstransport,iruga@knebelay.com,,3
C.& N.J. Nielsen Vognmandsforretning ApS,Jægergangen 38,2880 Bagsværd,44987137,Vejgodstransport,,,1
Roy Frank Christensen,Haremosen 24,2880 Bagsværd,44442830,Vejgodstransport,,,1
Bagsværd Jernhandel A/S,Brudelysvej 3,2880 Bagsværd,,Genbrug af sorterede materialer,,,3
Adam Jacoby,Bagsværd Hovedgade 238,2880 Bagsværd,,Speditører,,,6
Transportkonsulent Adam Jacoby ApS,Bagsværd Hovedgade 238,2880 Bagsværd,,Speditører,,,6
Blom Transport A/S,Brudelysvej 10-12,2880 Bagsværd,44445554,Speditører,,,1
Safi Transport v/Mohammad Munir Safi,Værebrovej 64 st 4,2880 Bagsværd ,,Vejgodstransport,,,2
Tranco ApS,"Duntzfelts Alle 19, 1",2900 Hellerup,33330025,Vejgodstransport,,,2
ENTREPRENØR OG VOGNMAND JAN YSTRØMApS,Tranegårdsvej 44,2900 Hellerup,70200680,Anlæg af ledningsnet,Jan@jyentreprise.dk,,2
Vognmand Jan Ystrøm ApS,Tranegårdsvej 44,2900 Hellerup,70200680,Anlæg af ledningsnet,Jan@jyentreprise.dk,,2
NCC Contruction Danmark A/S,Tuborg Havnevej 15,2900 Hellerup,39103910,Opførelse af bygninger,,,8
Morten Arp Transport ApS,"Rådhusvej 3, 1. th.",2920 Charlottenlund,,Vejgodstransport,,,6
Peter Ortmann ApS,Strandvejen 194 D,2920 Charlottenlund,39631379,Vejgodstransport,,,5
Greve Kloakservice ApS,Dyrehavevej 32,2930 Klampenborg,39901053,Opsamling og behandling af spildevand,,,4
Jesper Christensen,Holmetoften 7,2970 Hørsholm,,Vejgodstransport,,,3
"Sven Hjort Olsen, Hørsholm Flytteforretning I/S",Agiltevej 1,2970 Hørsholm,45860594,Flytteforretninger,hjort@hjort-olsen.dk,,6
Hørsholm Container ApS,Ved Klædebo 8,2970 Hørsholm,45868638,Indsamling af ikke-farligt affald,,,20
Michael Anker Pedersen,Tornehaven 1,2980 Kokkedal,49146012,Vejgodstransport,,,4
Vognmand Poul Anker A/S,Tornehaven 1,2980 Kokkedal,49146012,Vejgodstransport,,,4
Ove Nicolaisen Transport v/Ove Nicolaisen,Fasanvænget 494,2980 Kokkedal,49141784,Vejgodstransport,,,1
Service 2000 A/S,Lerbakkevej 7-9,2980 Kokkedal,70202000,Udlejning og leasing af andre varer til personlig brug og husholdningsbrug i.a.n.,,,2
Søren Rosvall ApS,Skovparken 35,2990 Nivå,49141566,Vejgodstransport,,,8
Vognmand Hans Jørn Hoffmann,Damgårdsvej 69,2990 Nivå,49180237,Vejgodstransport,hoffmann_maskintransport@yahoo.dk,,3
Claus Hansen A/S,Gurrevej 344,3000 Helsingør,40458843,Vejgodstransport,,,6
Finn Durafour,Odsvej 5,3000 Helsingør,49218837,Vejgodstransport,fd@stofanet.dk,,2
Finn Durafour og Søn ApS,Odsvej 5,3000 Helsingør,49218837,Vejgodstransport,,,2
DBI-Byg A/S,Ole Rømers Vej 1 A,3000 Helsingør,,Murere,,,1
Bent Simonsen,Kongevejen 176,3000 Helsingør
Espergærde Flytteforretning v/Lars Staudal,Højvangen 14,3060 Espergærde,,Vejgodstransport,,,1
Charlottenlund Hestetransport v/Thomas Heller,Fredensborgvej 38,3080 Tikøb,,Vejgodstransport,,,2
Heller & Co ApS,Fredensborgvej 38,3080 Tikøb,40203163,Vejgodstransport,,,2
Entreprenør Søren Rasmussen,Enebærvej 2,3080 Tikøb,49758887,Vejgodstransport,,,1
R.G. Autotransport v/Odd-Robert Gejpel,Rørsangervej 32,3080 Tikøb
DrageDK ApS,Hornbækvej 662,3100 Hornbæk,,Vejgodstransport,,,7
Møllers Kran & Tip v/ Anders Møller Nielsen,Saunte Bygade 3,3100 Hornbæk,,Vejgodstransport,,,2
Finn Svendsen Hornbæk ApS,Borsholmvænget 8 E,3100 Hornbæk,49700963,Vejgodstransport,,,1
J.H. Transport v/Jannik Hansen,Sauntevænget 12,3100 Hornbæk,49700777,Vejgodstransport,,,1
Entreprenørfirmaet TS v/Tonny Svendsen,Hellebjergvej 25 A,3120 Dronningmølle,,Opførelse af bygninger,,,4
Skindersø Vognmandsforretning v/Vibeke Jung Larsen,Skindersøvej 40,3140 Ålsgårde,49750108,Vejgodstransport,,,6
Frank's Transport v/Frank Jung Larsen,Skindersøvej 40,3140 Ålsgårde
Helsinge kreatur- og containertran v/Tim Hartvig Jensen,Hyttegårdsvej 12,3200 Helsinge,,Vejgodstransport,,,3
Arne Stougaard,Gurrehaven 6,3200 Helsinge,,Vejgodstransport,,,2
Brian Rasmussen,Gurrehavevej 53,3200 Helsinge,48718058,Vejgodstransport,,,2
Leif Pedersen I/S,Industrivej 23,3200 Helsinge,48795701,Vejgodstransport,,,2
Vognmand Peer A. Jørgensen af 1983 ApS,Spånbækvej 1,3200 Helsinge,48794340,Vejgodstransport,,,2
Helsinge Kloakservice ApS,Fredgårdsvej 16,3200 Helsinge,48795229,Anlæg af ledningsnet,,,2
Anton's Auto A/S,Bymosevej 23,3200 Helsinge,70266681,Autoreparationsværksteder mv,antons-auto@antons-auto.dk,,1
Torben Christensen,Maglebjergvej 12,3200 Helsinge,,"Dyrkning af korn (undtagen ris), bælgfrugter og olieholdige frø",,,1
Nordsjællands Andels Grovvareforening A.m.b.A.,Vestergade 14,3200 Helsinge,,"Engroshandel med korn, uforarbejdet tobak, såsæd og foderstoffer",,,3
Nørretofte Entreprenør- og Fliseservice I/S,Nørretoftevej 13,3200 Helsinge,,Opførelse af bygninger,,,2
Q Transport v/Svend Qvortrup,Lillevang 7,3210 Vejby,48707463,Vejgodstransport,,,7
Peter Hornum,Åmosevejen 18,3210 Vejby,48706683,Vejgodstransport,,,5
Jan Nielsen,Holløse Gade 42,3210 Vejby,48702408,Vejgodstransport,jenvan@dbmail.dk,,3
Svend Sørensen & Søn I/S,Skovkjærs-Åsen 10,3210 Vejby,,Vejgodstransport,,,3
B H Flytning & Transport v/Dan W Halle,Stokkebrovej 76,3210 Vejby,,Flytteforretninger,,,1
Vejby Cementstøberi v/Bjørn Olsen,Møngevej 13,3210 Vejby,48706135,Fremstilling af byggematerialer af beton,,,6
HV Supply v/Hans Viggo Pedersen,Møngevej 10,3210 Vejby,48705230,Udførelse af gulvbelægninger og vægbeklædning,,,3
Sachmann Containertransport v/Allan Sachmann,Dønnevældevej 69,3230 Græsted,48390082,Vejgodstransport,,,6
Lokal Transporten ApS,Snebærvej 17,3230 Græsted,,Vejgodstransport,,,3
Esrum Vognmandsforretning v/ Finn Nygaard Pedersen,Østvej 14,3230 Græsted,48390731,Vejgodstransport,,,2
Erlings Transport v/Erling Madsen,Østerdalen 4,3230 Græsted,48391769,Vejgodstransport,,,1
Flemming Jensen Transport og Kran ApS,Mestervangen 17,3230 Græsted,,Vejgodstransport,,,1
Entreprenør Finn Nielsen,Gillelejevej 54,3230 Græsted,48390073,Anden anlægsvirksomhed,,,1
Fugl Phønix ApS,Esbønderupvej 27,3230 Græsted,,Andre post- og kurertjenester,,,3
Gribskov Autotransport v/ Jens Fjeldgaard,Thorsagervej 41,3230 Græsted,70207585,Autoreparationsværksteder mv.,5xfjeldgaard@2mail.ck,,1
Svend Erik Norby,Højbjergvej 4,3230 Græsted,48392305,"Dyrkning af korn (undtagen ris), bælgfrugter og olieholdige frø",,,10
SCT Transport A/S,Stæremosen 21-23,3250 Gilleleje,48383838,Vejgodstransport,hanne@scttransport.dk,,82
Vognmand Benny Rasmussen & Søn A/S,Stæremosevej 16,3250 Gilleleje,48303456,Vejgodstransport,,,30
Bjarne Svendsen Transport,Helsingevej 41,3250 Gilleleje,48319878,Vejgodstransport,,,13
Bjarne Hansen,Klemens-Ager 4,3250 Gilleleje,48318476,Vejgodstransport,,,5
Vognmand Viggo Olsen ApS,Stæremosen 18,3250 Gilleleje,48301153,Vejgodstransport,,,4
"Bjarne Hansen & Søn, Transport ApS",Klemens-Ager 4,3250 Gilleleje,48318476,Vejgodstransport,,,3
Containerservice v/Rudi B. Nielsen,Solvænget 41,3250 Gilleleje,48302102,Vejgodstransport,,,1
Grand Transport A/S,Bjerresletten 20 A,3250 Gilleleje,27385323,Vejgodstransport,jens@grandtransport.dk,,1
Steen Bülov Møller I/S,Ålekistevej 54,3250 Gilleleje,48302231,Vejgodstransport,,,1
Tom Hedegaard Nielsen Transport v/Tom Hedegaard Nielsen,Strand-Åsen 8,3250 Gilleleje,48319031,Vejgodstransport,,,1
Tonny Bjørn Pedersen,Smidstrup Strandvej 79,3250 Gilleleje,48318054,Detailhandel med andre varer i.a.n.,,,2
G.B. Transport & Flytteforretning v/John P. Sørensen,Stæremosen 45,3250 Gilleleje,,Flytteforretninger,,,2
Viggo Olsen Transport ApS,Stæremosen 18,3250 Gilleleje,48300059,Uoplyst,,,1
Vognmand Søren Kristiansen,Industrimarken 4,3300 Frederiksværk,,Vejgodstransport,,,7
Asgers Transport ApS,Åkandevej 7,3300 Frederiksværk,29290726,Vejgodstransport,,,3
Flytteforretningen Goliat ApS,Industriskellet 3-5,3300 Frederiksværk,,Vejgodstransport,,,3
Michael Steffensen ApS,Skovsneglevej 2,3300 Frederiksværk,47746504,Vejgodstransport,,,3
"Vognmandsfirmaet Holger Frederiksen, Ramløse ApS",Frederiksværkvej 168,3300 Frederiksværk,48712121,Vejgodstransport,,,3
NJH TRANSPORT ApS,Skovdalsvej 12,3300 Frederiksværk,21945054,Vejgodstransport,,,2
Frederiksværk Vognmandstransport v/Hugo Larsen,Møllevangsvej 108,3300 Frederiksværk,47742650,Vejgodstransport,,,1
Lars Stampe Møller,Sørupvang 15,3300 Frederiksværk,47720320,Vejgodstransport,,,1
Vognmand John Jensen & Søn ApS,Auderødvej 21,3300 Frederiksværk,47721266,Vejgodstransport,,,1
Vognmand Niels Erik Holm,"Hillerødvej 20, 1.",3300 Frederiksværk,,Vejgodstransport,,,1
E A Maskintransport v/Lars Kim Andersen,Nyvej 30,3300 Frederiksværk,47762036,Andre post- og kurertjenester,,,2
Nordsjællands Entreprenørservice A/S,Undalsvej 3,3300 Frederiksværk,47771993,Anlæg af ledningsnet,,,6
KTS-Entreprise A/S,Industrivej 3,3300 Frederiksværk,,Anlæg af ledningsnet,,,4
P.E. Andreassen & Søn I/S,Møllevangsvej 103,3300 Frederiksværk,47747809,Udlejning og leasing af entreprenørmateriel,peas@peas.dk,,1
ERIK NIELSEN'S TRANSPORT,Arresøvej 2,3310 Ølsted,47748616,Vejgodstransport,,,3
Teddy C. Tiufkær ApS,Frederikssundsvej 128,3310 Ølsted,,Vejgodstransport,,,3
Per Valdemar Svendsen,Hovedgaden 27,3310 Ølsted,47988301,Vejgodstransport,,,2
Bjarne Hogrefe Nielsen,Ølstedvej 15,3310 Ølsted,,Vejgodstransport,,,1
Flemming's Autohjælp,Perikumvej 6,3310 Ølsted,,Autoreparationsværksteder mv.,,,2
Entreprenør Thomas Jørgensen ApS,Ølstedvej 22,3310 Ølsted,47749017,Opførelse af bygninger,,,3
Flemming Nielsen Transport ApS,Industrivej 10,3320 Skævinge,48288603,Vejgodstransport,,,25
BTS Transport v/Torben Porsgaard,Industrivej 21,3320 Skævinge,48288702,Vejgodstransport,tp@bts.dk,,8
Anders Mogens Bay ApS,Industrivej 13,3320 Skævinge,,Vejgodstransport,,,4
Carsten Beicher Hansen,Kaj Sommers Vej 24,3320 Skævinge,48288760,Vejgodstransport,,,4
St. Lyngby Kran og Container ApS,St. Lyngbyvej 53,3320 Skævinge,48210012,Vejgodstransport,,,2
Dannemarre Transport ApS,Borupvej 60,3320 Skævinge,,Vejgodstransport,,,1
Svend Erik Slott Andersen,Harløsevej 23,3320 Skævinge,48288589,Vejgodstransport,,,1
Krogsågård v/ Klaus Porsgaard,Markebækvej 5B,3320 Skævinge,48289290,"Dyrkning af korn (undtagen ris), bælgfrugter og olieholdige frø",,,1
Foam Consult v/Grethe Grabow Hansen,Holmegårdsparken 26,3320 Skævinge,48210047,Ikke-specialiseret engroshandel,,,2
Vognmand Henning Winkel Sørensen,Amtsvejen 87,3320 Skævinge,,Uoplyst,,,1
Asserbo Kloakservice SlamBergT,Monasvej 21,3360 Liseleje,,Vejgodstransport,,,2
J.P. Kloakservice A/S,Hågendrupvej 36,3370 Melby,,Opsamling og behandling af spildevand,,,3
Torpmagle Transport ApS,Amtsvejen 211,3390 Hundested,47938771,Vejgodstransport,,,23
Themsen Transport A/S,Håndværkervej 6-8,3390 Hundested,47980272,Vejgodstransport,,,9
Svend Kristiansen & Søn Hundested ApS,Håndværkervej 10,3390 Hundested,47982220,Vejgodstransport,,,7
MSC Transport A/S,Værkstedsbakken 10,3390 Hundested,20290554,Vejgodstransport,mikkel@msctransport.dk,,4
Dan Nielsen ApS,Spodsbjergvej 5,3390 Hundested,,Vejgodstransport,,,2
Kurt Thomas Hansen,Musvågevej 1,3390 Hundested,47940490,Vejgodstransport,,,1
Vognmand Martin Themsen,Gl. Kikhavnvej 12,3390 Hundested,47980657,Vejgodstransport,,,1
"A/S O.V. Jørgensen, Hundested Fiskeexport",Færgevejen 2,3390 Hundested,47937014,Engroshandel med fisk og fiskeprodukter,,,17
Vognmandsfirmaet Freddi Andersen v/René Kelvin Andersen,Lagerbakken 6,3390 Hundested,,Indsamling af ikke-farligt affald,,,9
Ib Andersen Vognmandsforretning Hillerød A/S,Nordhøjvej 16,3400 Hillerød,48261576,Vejgodstransport,,,20
Jesper Rubin,Solengen 6,3400 Hillerød,40743009,Vejgodstransport,,,7
Hillerød Lastbilcentral v/Jørgen Pedersen,Ægirsvej 9,3400 Hillerød,48266228,Vejgodstransport,,,5
BRDR. Grønning v/ John Kristensen og Steen Kristensen,Damvejen 4,3400 Hillerød,,Vejgodstransport,,,4
Jørgen Andersen,Harløsevej 259,3400 Hillerød,48212162,Vejgodstransport,,,2
Morsing En3prenørkørsel ApS,Postmosen 144,3400 Hillerød,,Vejgodstransport,morsings@morsings.dk,,2
Preben Hansen's Vognmandsforretning ApS (Hillerød Kranudle,Hørager 18,3400 Hillerød,48268113,Vejgodstransport,,,1
"Windum, Hillerød Møbeltransport A/S",Vølundsvej 19,3400 Hillerød,48261795,Flytteforretninger,info@windum.dk,,11
Hillerød Møbeltransport ApS,Vølundsvej 19,3400 Hillerød,,Flytteforretninger,,,4
AG Lagercenter ApS,Frederiksværkgade 197,3400 Hillerød,,Oplagrings- og pakhusvirksomhed,,,15
Allerød Transporten A/S,Tokkekøbvej 23,3450 Allerød,,Vejgodstransport,,,14
Vognmand R. Søgaard v/René Søgaard,Gl. Frederiksborgvej 81,3450 Allerød,20322623,Vejgodstransport,,,4
Entreprenør- & Vognmandsfirmaet Knud Bering A/S,Bjergvej 10,3450 Allerød,48173143,Vejgodstransport,,,3
Per Søborg Ahrensberg,Nordkæret 6,3450 Allerød,48170688,Vejgodstransport,,,1
Vognmand Niels Hedam Kivsmose,Toften 15,3450 Allerød,,Vejgodstransport,,,1
Vognmand Poul Rasmussen,Ll Blovstrødvej 36,3450 Allerød,48175710,Vejgodstransport,,,1
Anlægsgartner Højer ApS,Egernvej 2 a,3450 Allerød,48161832,Anden anlægsvirksomhed,,,1
M J Transport,Allerød Park 12 st.th,3450 Allerød,,Andre post- og kurertjenester,,,1
Vognmandsforretningen Piil Johannessen 2004 ApS,Bistrupvej 181,3460 Birkerød,40960096,Vejgodstransport,,,4
J. STEINITZ,Vestervang 4,3460 Birkerød,45822345,Vejgodstransport,,,1
Niels Jørgen Jensen,Henrik Gerners Vej 8,3460 Birkerød,45810669,Vejgodstransport,,,1
Vognmand Dennis Kaysen,"Kajerødvej 80, 2.tv.",3460 Birkerød,,Vejgodstransport,,,1
Kresten Simonsen Fredensborg Container ApS,Hammersvej 2,3480 Fredensborg,48484814,Vejgodstransport,,,4
Vognmand Michael Andersen A/S,Kirkeleddet 317,3480 Fredensborg,,Vejgodstransport,,,3
Steen Hansen,Maglegårdsvej 425,3480 Fredensborg,48488687,Vejgodstransport,,,2
Andreasens Transport v/Connie Elise Andreasen,Smedevej 8,3480 Fredensborg,40155073,Vejgodstransport,,,1
Dansk Autohjælp Fredensborg A/S,Præstemosevej 7,3480 Fredensborg,,Parkering og vejhjælp mv.,,,15
Jes Petersen,Skovvænget 2,3480 Fredensborg,48481411,Udlejning og leasing af biler og lette motorkøretøjer,,,2
Evald Christophersen,Munkegårdsvej 56 A,3490 Kvistgård,49701561,Vejgodstransport,,,2
Kvistgaard Jern & Metal A/S,Hejreskovvej 7,3490 Kvistgård,49139744,Engroshandel med metaller og metalmalme,,,3
H.C. Container Service A/S,Lejrvej 33,3500 Værløse,44481017,Indsamling af ikke-farligt affald,,,42
Slamsugercentralen ApS,Johnstrup Vænge 7,3500 Værløse,72312021,Opsamling og behandling af spildevand,sogj@live.dk,,2
H M Transport v/ Hans Mikkelsen,Præstevænget 11,3500 Værløse
Farum Godstransport ApS,Gedevasevej 16,3520 Farum,44951140,Vejgodstransport,farumgods@mail.dk,,7
Tom Juhl Møgelvang,Paltholmterrasserne 62A,3520 Farum,22122454,Vejgodstransport,tom.i.m@sol.dk,,4
Henrik Eeg Transport v/Henrik Eeg,"Garnisonsvej 30, 2. th.",3520 Farum,20627718,Vejgodstransport,eeg@privat.dk,,2
Mogens V. Zeltner A/S,Rugmarken 14,3520 Farum,44950744,Tømrer- og bygningssnedkervirksomhed,mvz@mvz.dk,,1
Michael Henriksen A/S,Farum Gydevej 62,3520 Farum,,Udlejning af erhvervsejendomme,,,11
J.D. Transport v/Jan Danielsen,Slangerupvej 22,3540 Lynge,48160622,Vejgodstransport,,,10
Ole Jensen Transport A/S,Vildroseparken 34,3540 Lynge,70201843,Vejgodstransport,,,6
Lynge Naturgødning ApS,Slangerupvej 16,3540 Lynge,48187350,Vejgodstransport,,,4
J K Multi Service,Rosenlundvej 8,3540 Lynge,48160039,Vejgodstransport,,,2
Lynge Vognmandsforretning v/ Hans Ole Tingvold,Lindevej 11,3540 Lynge,48188741,Vejgodstransport,,,1
Sjællands Dyretransport ApS,Lynge Bygade 23 A,3540 Lynge,,Vejgodstransport,,,1
Vognmand Bjarne Larsen,Vassingrødvej 66,3540 Lynge,48187404,Vejgodstransport,,,1
Vognmand Jan Christensen,Lyngevej 255,3540 Lynge,48189937,Vejgodstransport,,,1
Vognmand Kai Nielsen,Bastrupvej 18,3540 Lynge,48188119,Vejgodstransport,kainielsen@nielsen.mail.dk,,1
Thomas Clausen Storkedal,Lyngevej 259,3540 Lynge,48189558,"Dyrkning af korn (undtagen ris), bælgfrugter og olieholdige frø",,,3
Nedrivningsaktieselskabet J. Jensen,Højlundevej 8,3540 Lynge,48253535,Nedrivning,,,6
MH Entreprenøren v/Michael Uldall Hansen,Rønnebakken 11,3540 Lynge,48189880,Opførelse af bygninger,,,1
Vognmandsfirmaet Lars og Claus Pedersen I/S,Højager 2,3550 Slangerup,47333717,Vejgodstransport,,,30
Lars Nielsen,Slangerupvej 3,3550 Slangerup,48289928,Vejgodstransport,,,5
Christian Jørgensen Transport og Handel ApS,Industrivej 1,3550 Slangerup,47334690,Vejgodstransport,,,4
Nordsjællands Flytteforretning v/Johnny Otte,Nybrovej 1,3550 Slangerup,,Vejgodstransport,,,4
Henrik Hjorth,Lindholmvej 3,3550 Slangerup,47381737,Vejgodstransport,henrik.hjorth@gmail.com,,3
Vognmand Jørgen Olsen v/Jørgen Otto Olsen,Ved Gadekæret 7,3550 Slangerup,47335805,Vejgodstransport,,,2
Arne Otto Olsen,Månevej 2,3550 Slangerup,,Vejgodstransport,,,1
EP Transport v/Erling Pedersen,Duevej 25,3550 Slangerup,47581808,Vejgodstransport,erling.pedersen@get2net.dk,,1
Kølles Entreprenør & Anlægsvirksomhed ApS,Banegraven 7,3550 Slangerup,47335053,Anlæg af veje og jernbaner,,,2
Frederikssund Transport & Flytteforretning ApS,Industrivej 3 B,3550 Slangerup,,Flytteforretninger,,,2
Vognmandsforretningen Leo Jensen Frederikssund A/S,Korshøj 13,3600 Frederikssund,47317180,Vejgodstransport,,,18
Vognmandsfirmaet Jan Christensen A/S,"Roskildevej 106, st. b.",3600 Frederikssund,,Vejgodstransport,,,9
Vognmand Kaj Kjær,Vinkelvej 8,3600 Frederikssund,47315133,Vejgodstransport,,,8
Vognmand Henning Jensen,Skiftestensvej 1,3600 Frederikssund,47313177,Vejgodstransport,,,6
Jens Kurt Nielsen,Blommevænget 1,3600 Frederikssund,47314049,Vejgodstransport,,,3
KBK Transport v/Klaus Brædde Kristoffersen,Varmedalsvej 2,3600 Frederikssund,48212212,Vejgodstransport,,,2
VIUFF TRANSPORT ApS,Smedetoften 10,3600 Frederikssund,47310926,Vejgodstransport,,,2
Vognmand Mogens Juul Albrektsen,Geerslettevej 4,3600 Frederikssund,48289140,Vejgodstransport,,,2
Frederikssund Vognmandsforretning v/ Hjarne Asbjørn Larsen,Dalvejen 7,3600 Frederikssund,47310156,Vejgodstransport,,,1
Robert Andersen Transport v/Robert Andersen,Ydunsvej 2,3600 Frederikssund,47315360,Vejgodstransport,,,1
C G C MASKIN SERVICE V/CLAUS GREGERS CHRISTENSEN,Hørup Skovvej 23,3600 Frederikssund,47311219,Autoreparationsværksteder mv.,,,8
Per S. Henriksen P/S,Korshøj 3,3600 Frederikssund,47383858,Autoreparationsværksteder mv.,,,8
S F HOLMSTRØM H N DEPOT,Vinkelvej 18,3600 Frederikssund,47313428,Autoreparationsværksteder mv.,,,3
Søndergaard Nedrivning ApS,Smedetoften 16,3600 Frederikssund,,Forberedende byggepladsarbejder,,,2
Per Mortensens Nedrivning ApS,Elsenbakken 45,3600 Frederikssund,,Forberedende byggepladsarbejder,,,1
Vognmand John Fjeldsted Hansen ApS,Gerlev Strandvej 3,3630 Jægerspris,,Vejgodstransport,,,16
F. A. Transport ApS,Kyndbyvej 56,3630 Jægerspris,47528831,Vejgodstransport,,,7
Stefans Transportservice ApS,Nørhaven 9,3630 Jægerspris,,Vejgodstransport,,,5
Mini Trans v/Kim Buch,Strædet 8,3630 Jægerspris,,Vejgodstransport,,,3
René Tonagel,Draabyvej 109,3630 Jægerspris,47531386,Vejgodstransport,,,3
Arent G. Eriksen,Nørhaven 7,3630 Jægerspris,47503030,Vejgodstransport,,,2
RT Transport ApS,Dråbyvej 109,3630 Jægerspris,21680708,Vejgodstransport,,,2
A. Holmstrøm v/Mogens Holmstøm,Kirkeåsen 11,3630 Jægerspris,47532070,Vejgodstransport,,,1
Bo Blæsbjerg,Mejerigårdsvej 3,3630 Jægerspris,,Vejgodstransport,,,1
Kyndby Vognmandsforretning v/Jens Amorsen,Toftegaardsvej 50,3630 Jægerspris,47521823,Vejgodstransport,,,1
Vognmand Poul Erik Kjær,Blommehaven 6,3630 Jægerspris,,Vejgodstransport,,,1
Jens Jacob Pedersen,Orebjergvej 12B,3630 Jægerspris,48279143,Avl af malkekvæg,,,2
Jægerspris Flytteforretning v/Mikkel Jesper Topshøj,Strandvej 79,3630 Jægerspris,47531040,Landskabspleje,,,2
Hornsherred Entreprenør v/Dennis Greve Hansen,Skovvænget 14,3630 Jægerspris,47502468,Opførelse af bygninger,grimling1@hotmail.com,,1
SMEDEMESTER SØREN CHRISTIANSEN,Damstræde 6,3630 Jægerspris,47521803,Reparation af jern- og metalvarer,,,2
Venslev Maskinstation I/S v/ Heino og Pia Jørgensen,Kyndbyvej 20,3630 Jægerspris,47521032,Serviceydelser i forbindelse med planteavl,,,2
E. Bredahl Kristensen ApS,Tørslevvej 35,3630 Jægerspris,47563400,Tømrer- og bygningssnedkervirksomhed,,,1
Benny Tonagel,Dråbyvej 109,3630 Jægerspris,47531386,Uoplyst,,,2
Entreprenør + Handelsfirmaet Niels Søndergaard,Håndværkervej 13,3630 Jægerspris
"Villy Larsens Autoforretning, Ølstykke ApS",Hvedemarken 10,3650 Ølstykke,47100494,Vejgodstransport,,,12
Vognmand Bjarne Jeppesen Eftf. ApS,Lyshøjvej 5,3650 Ølstykke,47100606,Vejgodstransport,,,5
D.G.A. v/Jens Erik Petersen,Sperrestrupvej 29,3650 Ølstykke,47177282,Vejgodstransport,,,4
Allan Weileby Transport v/Allan Nordal Weileby,Stjernen 5,3650 Ølstykke,47178727,Vejgodstransport,,,2
CPH Trucking ApS,Engvej 65,3650 Ølstykke,,Vejgodstransport,,,2
Spuhr Transport v/Kasper Spuhr Nørskov,Skjoldsvej 18,3650 Ølstykke,27270117,Vejgodstransport,,,2
TJ Transport v/Tonni Jensen,Krebsen 12,3650 Ølstykke,44666659,Vejgodstransport,tonni830@hotmail.com,,1
Hennings Kloakrens A/S,Svalehøjvej 13,3650 Ølstykke,47108509,Anlæg af ledningsnet,,,12
Per Kristiansen,Sperrestrupvej 14,3650 Ølstykke,47100448,"Dyrkning af korn (undtagen ris), bælgfrugter og olieholdige frø",,,1
Egedal Flyt v/Jimmi Jørgensen,Dronning Dagmars Vej 18,3650 Ølstykke,20654966,Flytteforretninger,jimmi@egedalflyt.dk,,1
Stubs Entreprenør og Maskinudlejning ApS,Gammel Roskildevej 13,3650 Ølstykke,,Specialiseret engroshandel med fødevarer i.a.n.,,,2
Doitright v/Morten Madsen,Ny Toftegårdvej 12,3650 Ølstykke,,"Udlejning og leasing af andet materiel, udstyr og andre materielle aktiver i.a.n.",mom@doitright.dk,,1
Zebra Transport & Vikar ApS,Maglehøjvej 38,3650 Ølstykke,,Vikarbureauer,,,1
Vognmand Per Just Hansen,Stenlillevej 111,3660 Stenløse,47107765,Vejgodstransport,,,4
Stokholm Transport v/Ole Birk Stokholm,Ringbakken 17,3660 Stenløse,48184001,Vejgodstransport,,,2
Vognmand Kjeld Christensen,Bentevej 14,3660 Stenløse,47170751,Vejgodstransport,,,1
J H Lundsteen v/Jørgen Helmuth Lundsteen,Råhøjvej 1,3660 Stenløse,48183060,"Dyrkning af korn (undtagen ris), bælgfrugter og olieholdige frø",,,2
Poul Lindof Knudsen,Langtoften 3,3660 Stenløse,48195924,Flytteforretninger,,,1
E.B.S. ENTREPRENØR BELÆGNING & SMEDEFIRMA V/HENNING THYGESEN,Knardrup Bygade 17,3660 Stenløse,48195969,Gennemførelse af byggeprojekter,,,1
Adelberg Enterprise v/Morten Adelberg,Sandbakken 7,3660 Stenløse,,Indsamling af ikke-farligt affald,,,2
Vognmand Søren Nielsen,Ganehøj Allé 2,3660 Stenløse,48181225,Indsamling af ikke-farligt affald,,,1
Havemand Morten Rasmussen,Stenlillevej 84,3660 Stenløse,47170063,Landskabspleje,,,3
Henning Vagn Rasmussen,Yrsavej 5,3660 Stenløse,47172008,Opførelse af bygninger,,,2
J. S. Autotransport v/Jan Jørgensen,Holmevej 101,3670 Veksø Sjælland,44974940,Vejgodstransport,info@jsautotransport.dk,,2
Søderholm Transport v/Brian Søderholm,St. Valby Vej 273,3670 Veksø Sjælland,,Vejgodstransport,,,1
Vognmand Jens Jensen,Knudsbjergvej 3,3670 Veksø Sjælland,46769443,Vejgodstransport,,,1
Vognmand Johnny Weber Lau,Katholm 304,3670 Veksø Sjælland,47108086,Vejgodstransport,,,1
Vindekilde I/S,Vindekildevej 11,3670 Veksø Sjælland,,"Dyrkning af korn (undtagen ris), bælgfrugter og olieholdige frø",,,3
Ole Holm Transport ApS,Ved Lunden 15,3700 Rønne,,Vejgodstransport,,,28
Vips Transport ApS,Tværmolen 3,3700 Rønne,56480317,Vejgodstransport,,,20
Kenn Sonne,Aarsballe By 59,3700 Rønne,56498222,Vejgodstransport,,,5
Maskingården v/Tage Kofod,Haslevej 146,3700 Rønne,56950567,Vejgodstransport,,,3
Michael Juul Hansen Transport,Pilene 10,3700 Rønne,56976556,Vejgodstransport,,,2
Torbens Hestetransport & Foder ApS,Vestermarievej 9,3700 Rønne,56999361,Vejgodstransport,,,2
Vognmand Erling Olsen,Pilene 4,3700 Rønne,56990039,Vejgodstransport,,,2
Bornholms Produkthandel ApS,Snorrebakken 8,3700 Rønne,56953773,Engroshandel med affaldsprodukter,,,3
Bornholms Havne- & Købmandsforening,Vesthavnsvej 4,3700 Rønne,56951069,Godshåndtering,info@ejvhansen.dk,,1
PL Entreprise A/S,Sandemandsvej 12,3700 Rønne,56951888,Opførelse af bygninger,ple@ple.dk,,6
Bech-Hansen & Studsgaard A/S,Vesthavnsvej 4,3700 Rønne,56931500,Speditører,mail@bhstrans.dk,,106
T30 Ole Holm Transport ApS,Ved Lunden 15,3700 Rønne,56950418,Speditører,,,16
Preben Espersen,Pedersker Hovedgade 19,3720 Aakirkeby,56978347,Vejgodstransport,,,2
Torkild Petersen,Fårbyvejen 6,3720 Aakirkeby,56975779,Vejgodstransport,,,1
Edgar Nielsen og Søn Vognmands-og Entreprenørforretning ApS,Nybyvej 22,3720 Aakirkeby,56974567,Forberedende byggepladsarbejder,,,4
Præstegårdens Maskinstation v/Anders Ipsen,Kirkevej 21,3720 Aakirkeby,56972829,Serviceydelser i forbindelse med planteavl,,,4
HGN-Transport v/Hans Georg Novrman,Sdr Hammer 158,3730 Nexø,56486282,Vejgodstransport,,,6
FUGATO A/S,Kannikegårdsvej 15,3730 Nexø,56440100,Indsamling af ikke-farligt affald,wk@fugato.dk,,18
Henning Mikkelsen,Urmarken 4,3740 Svaneke
Agrofarmer Transport ApS,Skrullevej 3,3751 Østermarie,,Engroshandel med levende dyr,,,2
BRÆNDEGÅRD/KARSTEN WESTH,Grammegårdsvej 4,3751 Østermarie,56470366,Produktion af slagtesvin,,,2
Vognmandsfirmaet Lennart Ipsen,Stavsdalvej 44,3760 Gudhjem,,Vejgodstransport,,,16
MOGENS FLEMMING KØHLERT GRANLY,"Granly, Skovvej 2",3760 Gudhjem,56498177,Vejgodstransport,,,3
Entreprenørfirmaet Jens Møller Gudhjem A/S,Stationsvej 7,3760 Gudhjem,56485117,Opførelse af bygninger,jm@gudhjem.dk,,5
Tommy Mortensen,Karlsgårdsvej 7,3782 Klemensker,56968291,Vejgodstransport,,,3
DSV Transport A/S,Kumlehusvej 1,4000 Roskilde,,Vejgodstransport,,,85
Renovations Transport Roskilde A/S,Søndre Mellemvej 35,4000 Roskilde,46757530,Vejgodstransport,renovationstransport@get2net.dk,,40
Brdr. Dyring v/Michael Dyring Jørgensen,Industrivej 45,4000 Roskilde,,Vejgodstransport,,,27
DC Transport & Distribution ApS,Ågerupvej 69 A,4000 Roskilde,48181030,Vejgodstransport,dc@dctransport.dk,,25
John Frederiksen International Transport A/S,Industrivej 42,4000 Roskilde,,Vejgodstransport,,,22
Viggo Rasmussen Transport A/S,Metalvej 2,4000 Roskilde,48383838,Vejgodstransport,,,18
P.H. Transport A/S,Østre Vindingevej 198,4000 Roskilde,,Vejgodstransport,,,13
Vognmand Kold A/S,Stærkendevej 37,4000 Roskilde,,Vejgodstransport,,,11
P.E. Kristensen A/S,Øde-Hastrupvej 130,4000 Roskilde,46350666,Vejgodstransport,,,10
Vognmand Arne Gadekær Jørgensen ApS (Dansk Autohjælp Roskil,Østre Vindingevej 196,4000 Roskilde,46359121,Vejgodstransport,,,10
Roland Svendsen ApS,Frederiksborgvej 538,4000 Roskilde,46732728,Vejgodstransport,,,7
Roskilde Budcenter A/S,Himmelev Bygade 80,4000 Roskilde,,Vejgodstransport,,,6
Gundsø Vognmandsforretning v/Grethe Jensen,Bymosevej 9,4000 Roskilde,46730358,Vejgodstransport,,,3
3N Udlejning ApS,Brordrupvej 75,4000 Roskilde,30897531,Vejgodstransport,,,2
John Danielsen,Vor Frue Kirkevej 5,4000 Roskilde,,Vejgodstransport,,,2
N C TRUCKING/HIGHWAY-MUSIC V/NIELS ERIK CHRISTENSEN,Parkvænget 23,4000 Roskilde,46356164,Vejgodstransport,,,2
Vognmand Jan Madsen,Østerled 2,4000 Roskilde,,Vejgodstransport,,,2
Bent Christensen,Kumlehusvej 13,4000 Roskilde,,Vejgodstransport,,,1
Bent Kjærgaard,Toftager 22,4000 Roskilde,,Vejgodstransport,,,1
FL Transport Roskilde ApS,Holbækvej 246,4000 Roskilde,,Vejgodstransport,,,1
Kjartan Guldberg Bennekov,Ørebjergvej 21,4000 Roskilde,48188075,Vejgodstransport,kjartan@privat.dk,,1
Klaus Cohrt,Margrethehåbsvej 112,4000 Roskilde,46350682,Vejgodstransport,,,1
L.B.K Transport v/Lars Brix Kock,Lindevang 1,4000 Roskilde,,Vejgodstransport,,,1
Michael J. Sørensen ApS,Gyldenrisvej 1,4000 Roskilde,,Vejgodstransport,,,1
Niels Steimann,Søndre Mellemvej 30,4000 Roskilde,46756305,Vejgodstransport,,,1
Tommy Andersen,Øde-Hastrup-Vej 51,4000 Roskilde,46350460,Vejgodstransport,,,1
Vognmand Bent Egebro Jensen,Slæggerupvej 211,4000 Roskilde,46787619,Vejgodstransport,,,1
Vognmand Bjarne Rossen,Mørbjergparken 70,4000 Roskilde,46363194,Vejgodstransport,,,1
Vognmand John Jensen,Baunevej 10,4000 Roskilde,46787649,Vejgodstransport,,,1
Vognmand Michael Jensen,Vestskellet 14,4000 Roskilde,46789617,Vejgodstransport,,,1
Transport - Service v/Erling Jensen,Ladegårdsvej 13,4000 Roskilde,20812521,Andre post- og kurertjenester,ej@mail.dk,,2
Elmegaardens Auto ApS,Tjærebyvej 101,4000 Roskilde,46136852,Autoreparationsværksteder mv.,,,4
Handy A/S,Himmelev Bygade 76,4000 Roskilde,46354920,Flytteforretninger,,,7
Handy Maskinflytning A/S,Himmelev Bygade 76,4000 Roskilde,46354920,Flytteforretninger,,,1
MiljøTeam A/S,Kumlehusvej 1,4000 Roskilde,87441100,Indsamling af ikke-farligt affald,info@mta.dk,,136
R.T.R. Kloakservice ApS,Søndre Mellemvej 35,4000 Roskilde,46757530,Opsamling og behandling af spildevand,renovationstransport@get2net.dk,,7
Roskilde Møbeltransport/Bakkedragets Flytteforretning,Køgevej 155,4000 Roskilde,,Udlejning af erhvervsejendomme,,,3
Roskilde Autoudlejning v/Tommy Larsen,Københavnsvej 27,4000 Roskilde,46321011,Udlejning og leasing af lastbiler,,,3
Mølgaard Transport 3x34 v/Niclas Mølgaard,Elkærparken 52,4030 Tune,45505505,Vejgodstransport,kontakt@flytteholdet.dk,,4
S.N.N. Truck & Lifttransport ApS,Tinggårdshegnet 47,4030 Tune,,Vejgodstransport,,,4
B. Kastrup Transport ApS,Tune Parkvej 5,4030 Tune,,Vejgodstransport,,,3
Fragtmand Jørn Hansen,Hyrdestien 8,4030 Tune,46139818,Vejgodstransport,,,2
Gert Krog,Fenrisvej 20,4030 Tune,28727949,Vejgodstransport,,,1
TTS (Tune Transportservice) v/Alan Larsen,Birkevej 11,4030 Tune,,Vejgodstransport,ttstransport@tunenet.dk,,1
Buggy Transport v/Henrik Stii,Osvej 32,4040 Jyllinge,,Vejgodstransport,mr.zxr@hotmail.com,,6
Jens Fjellerup,Ahornvej 5,4040 Jyllinge,46734611,Vejgodstransport,,,4
G.C.L. ApS,Dalvej 6,4040 Jyllinge,,Vejgodstransport,,,3
NH Transport & Handel ApS,Møllehaven 3,4040 Jyllinge,20649795,Vejgodstransport,,,3
Mogens Jensen,Bogfinkevej 14,4040 Jyllinge,46733970,Vejgodstransport,fam.bachjensen@mail.dk,,1
Peter Andersen Transport,Dragevej 7,4040 Jyllinge,40452889,Vejgodstransport,,,1
KH Transport ApS,Tullusvej 10,4040 Jyllinge,20331188,"Databehandling, webhosting og lignende serviceydelser",,,1
PM Transport v/ Preben Steen Moisen,Hagenæs 16,4040 Jyllinge
Scandi Trans ApS,Kirkegade 20,4050 Skibby,,Vejgodstransport,,,19
Østby Transport A/S,Bøgevej 5,4050 Skibby,,Vejgodstransport,,,11
Vognmand Jens Hjorth,Skibbyvej 4,4050 Skibby,47521902,Vejgodstransport,,,4
Flemming Hartmann Christensen,Violvej 9,4050 Skibby,47527317,Vejgodstransport,,,1
Gårdejer Erling Kristensen,Pagteroldsvej 3,4050 Skibby,47521015,"Dyrkning af korn (undtagen ris), bælgfrugter og olieholdige frø",,,4
Jægerslund v/Tomas Jægerup,Bavnen 14,4050 Skibby,,"Dyrkning af korn (undtagen ris), bælgfrugter og olieholdige frø",,,1
HC Handelscenter Venslev A/S,H.C. Vej 8,4050 Skibby,47594700,"Engroshandel med korn, uforarbejdet tobak, såsæd og foderstoffer",,,9
Lars Frederiksen ApS,Hovedgaden 79,4050 Skibby,47528718,Engroshandel med levende dyr,larsfrederiksen@mail.tele.dk,,2